Gene,baseMean,log2FoldChange,lfcSE,stat,pvalue,padj
LOC410087,6510.83067643749,-1.5577323333921176,0.40813044697636025,-3.8167511023316143,0.00013522045351187337,0.027590381334562642
